,player_display_name,position,fantasy_points_ppr
0,J.Tucker,K,0
1,J.Tucker,K,6
2,J.Tucker,K,10
3,J.Tucker,K,9
4,J.Tucker,K,11
5,J.Tucker,K,16
6,J.Tucker,K,7
7,J.Tucker,K,13
8,J.Tucker,K,8
9,J.Tucker,K,10
10,J.Tucker,K,0
11,J.Tucker,K,7
12,J.Tucker,K,14
13,J.Tucker,K,4
14,J.Tucker,K,11
15,J.Tucker,K,3
16,J.Tucker,K,8
17,G.Zuerlein,K,0
18,G.Zuerlein,K,3
19,G.Zuerlein,K,9
20,G.Zuerlein,K,18
21,G.Zuerlein,K,6
22,G.Zuerlein,K,8
23,G.Zuerlein,K,8
24,G.Zuerlein,K,12
25,G.Zuerlein,K,4
26,G.Zuerlein,K,10
27,G.Zuerlein,K,0
28,G.Zuerlein,K,4
29,G.Zuerlein,K,8
30,G.Zuerlein,K,20
31,G.Zuerlein,K,4
32,G.Zuerlein,K,4
33,G.Zuerlein,K,3
34,B.Mann,K,0
35,B.Mann,K,0
36,B.Mann,K,0
37,B.Mann,K,0
38,B.Mann,K,0
39,B.Mann,K,0
40,B.Mann,K,0
41,B.Mann,K,0
42,B.Mann,K,0
43,B.Mann,K,0
44,B.Mann,K,0
45,B.Mann,K,0
46,B.Mann,K,0
47,B.Mann,K,0
48,B.Mann,K,0
49,B.Mann,K,0
50,B.Mann,K,0
51,M.Gay,K,0
52,M.Gay,K,6
53,M.Gay,K,7
54,M.Gay,K,9
55,M.Gay,K,9
56,M.Gay,K,3
57,M.Gay,K,6
58,M.Gay,K,0
59,M.Gay,K,2
60,M.Gay,K,7
61,M.Gay,K,5
62,M.Gay,K,10
63,M.Gay,K,5
64,M.Gay,K,14
65,M.Gay,K,6
66,M.Gay,K,8
67,M.Gay,K,19
68,T.Bass,K,0
69,T.Bass,K,8
70,T.Bass,K,12
71,T.Bass,K,4
72,T.Bass,K,11
73,T.Bass,K,7
74,T.Bass,K,6
75,T.Bass,K,0
76,T.Bass,K,10
77,T.Bass,K,6
78,T.Bass,K,13
79,T.Bass,K,23
80,T.Bass,K,10
81,T.Bass,K,7
82,T.Bass,K,9
83,T.Bass,K,6
84,T.Bass,K,2
85,C.York,K,0
86,C.York,K,16
87,C.York,K,6
88,C.York,K,5
89,C.York,K,9
90,C.York,K,2
91,C.York,K,12
92,C.York,K,8
93,C.York,K,7
94,C.York,K,0
95,C.York,K,5
96,C.York,K,4
97,C.York,K,6
98,C.York,K,11
99,C.York,K,4
100,C.York,K,6
101,C.York,K,4
102,E.Pineiro,K,0
103,E.Pineiro,K,6
104,E.Pineiro,K,10
105,E.Pineiro,K,12
106,E.Pineiro,K,6
107,E.Pineiro,K,9
108,E.Pineiro,K,5
109,E.Pineiro,K,3
110,E.Pineiro,K,8
111,E.Pineiro,K,3
112,E.Pineiro,K,16
113,E.Pineiro,K,3
114,E.Pineiro,K,12
115,E.Pineiro,K,0
116,E.Pineiro,K,13
117,E.Pineiro,K,12
118,E.Pineiro,K,14
119,B.McManus,K,0
120,B.McManus,K,10
121,B.McManus,K,12
122,B.McManus,K,4
123,B.McManus,K,5
124,B.McManus,K,10
125,B.McManus,K,13
126,B.McManus,K,3
127,B.McManus,K,3
128,B.McManus,K,0
129,B.McManus,K,4
130,B.McManus,K,13
131,B.McManus,K,3
132,B.McManus,K,13
133,B.McManus,K,4
134,B.McManus,K,7
135,B.McManus,K,9
136,J.Myers,K,0
137,J.Myers,K,6
138,J.Myers,K,1
139,J.Myers,K,11
140,J.Myers,K,13
141,J.Myers,K,10
142,J.Myers,K,13
143,J.Myers,K,16
144,J.Myers,K,11
145,J.Myers,K,8
146,J.Myers,K,6
147,J.Myers,K,0
148,J.Myers,K,10
149,J.Myers,K,10
150,J.Myers,K,6
151,J.Myers,K,9
152,J.Myers,K,4
153,M.Crosby,K,0
154,M.Crosby,K,1
155,M.Crosby,K,10
156,M.Crosby,K,2
157,M.Crosby,K,9
158,M.Crosby,K,10
159,M.Crosby,K,3
160,M.Crosby,K,3
161,M.Crosby,K,4
162,M.Crosby,K,3
163,M.Crosby,K,6
164,M.Crosby,K,3
165,M.Crosby,K,9
166,M.Crosby,K,8
167,M.Crosby,K,0
168,M.Crosby,K,6
169,M.Crosby,K,15
170,G.Joseph,K,0
171,G.Joseph,K,13
172,G.Joseph,K,1
173,G.Joseph,K,2
174,G.Joseph,K,18
175,G.Joseph,K,1
176,G.Joseph,K,4
177,G.Joseph,K,0
178,G.Joseph,K,3
179,G.Joseph,K,8
180,G.Joseph,K,9
181,G.Joseph,K,3
182,G.Joseph,K,9
183,G.Joseph,K,12
184,G.Joseph,K,6
185,G.Joseph,K,8
186,G.Joseph,K,13
187,K.Fairbairn,K,0
188,K.Fairbairn,K,10
189,K.Fairbairn,K,11
190,K.Fairbairn,K,8
191,K.Fairbairn,K,6
192,K.Fairbairn,K,11
193,K.Fairbairn,K,0
194,K.Fairbairn,K,9
195,K.Fairbairn,K,5
196,K.Fairbairn,K,5
197,K.Fairbairn,K,11
198,K.Fairbairn,K,4
199,K.Fairbairn,K,3
200,K.Fairbairn,K,7
201,K.Fairbairn,K,16
202,K.Fairbairn,K,6
203,K.Fairbairn,K,7
204,R.Blankenship,K,0
205,R.Blankenship,K,8
206,R.Blankenship,K,0
207,R.Blankenship,K,0
208,R.Blankenship,K,0
209,R.Blankenship,K,0
210,R.Blankenship,K,0
211,R.Blankenship,K,10
212,R.Blankenship,K,0
213,R.Blankenship,K,0
214,R.Blankenship,K,0
215,R.Blankenship,K,0
216,R.Blankenship,K,0
217,R.Blankenship,K,0
218,R.Blankenship,K,0
219,R.Blankenship,K,0
220,R.Blankenship,K,0
221,J.Slye,K,0
222,J.Slye,K,2
223,J.Slye,K,1
224,J.Slye,K,0
225,J.Slye,K,5
226,J.Slye,K,7
227,J.Slye,K,5
228,J.Slye,K,10
229,J.Slye,K,5
230,J.Slye,K,6
231,J.Slye,K,19
232,J.Slye,K,12
233,J.Slye,K,8
234,J.Slye,K,8
235,J.Slye,K,0
236,J.Slye,K,9
237,J.Slye,K,2
238,R.Patterson,K,0
239,R.Patterson,K,11
240,R.Patterson,K,8
241,R.Patterson,K,12
242,R.Patterson,K,3
243,R.Patterson,K,7
244,R.Patterson,K,3
245,R.Patterson,K,3
246,R.Patterson,K,5
247,R.Patterson,K,10
248,R.Patterson,K,3
249,R.Patterson,K,0
250,R.Patterson,K,8
251,R.Patterson,K,7
252,R.Patterson,K,13
253,R.Patterson,K,11
254,R.Patterson,K,14
255,M.Prater,K,0
256,M.Prater,K,1
257,M.Prater,K,1
258,M.Prater,K,14
259,M.Prater,K,8
260,M.Prater,K,0
261,M.Prater,K,0
262,M.Prater,K,0
263,M.Prater,K,9
264,M.Prater,K,3
265,M.Prater,K,0
266,M.Prater,K,5
267,M.Prater,K,6
268,M.Prater,K,0
269,M.Prater,K,6
270,M.Prater,K,14
271,M.Prater,K,14
272,H.Butker,K,0
273,H.Butker,K,9
274,H.Butker,K,0
275,H.Butker,K,0
276,H.Butker,K,0
277,H.Butker,K,0
278,H.Butker,K,11
279,H.Butker,K,5
280,H.Butker,K,0
281,H.Butker,K,5
282,H.Butker,K,3
283,H.Butker,K,14
284,H.Butker,K,14
285,H.Butker,K,5
286,H.Butker,K,11
287,H.Butker,K,3
288,H.Butker,K,7
289,J.Reid,K,0
290,J.Reid,K,1
291,J.Reid,K,0
292,J.Reid,K,0
293,J.Reid,K,0
294,J.Reid,K,0
295,J.Reid,K,0
296,J.Reid,K,0
297,J.Reid,K,0
298,J.Reid,K,0
299,J.Reid,K,0
300,J.Reid,K,0
301,J.Reid,K,0
302,J.Reid,K,0
303,J.Reid,K,0
304,J.Reid,K,0
305,J.Reid,K,0
306,D.Carlson,K,0
307,D.Carlson,K,9
308,D.Carlson,K,13
309,D.Carlson,K,10
310,D.Carlson,K,14
311,D.Carlson,K,16
312,D.Carlson,K,0
313,D.Carlson,K,10
314,D.Carlson,K,0
315,D.Carlson,K,8
316,D.Carlson,K,2
317,D.Carlson,K,13
318,D.Carlson,K,9
319,D.Carlson,K,10
320,D.Carlson,K,12
321,D.Carlson,K,7
322,D.Carlson,K,5
323,D.Hopkins,K,0
324,D.Hopkins,K,6
325,D.Hopkins,K,6
326,D.Hopkins,K,4
327,D.Hopkins,K,10
328,D.Hopkins,K,0
329,D.Hopkins,K,13
330,D.Hopkins,K,0
331,D.Hopkins,K,0
332,D.Hopkins,K,0
333,D.Hopkins,K,0
334,D.Hopkins,K,0
335,D.Hopkins,K,0
336,D.Hopkins,K,0
337,D.Hopkins,K,0
338,D.Hopkins,K,0
339,D.Hopkins,K,0
340,J.Sanders,K,0
341,J.Sanders,K,10
342,J.Sanders,K,6
343,J.Sanders,K,3
344,J.Sanders,K,9
345,J.Sanders,K,5
346,J.Sanders,K,4
347,J.Sanders,K,12
348,J.Sanders,K,8
349,J.Sanders,K,4
350,J.Sanders,K,9
351,J.Sanders,K,0
352,J.Sanders,K,13
353,J.Sanders,K,6
354,J.Sanders,K,7
355,J.Sanders,K,12
356,J.Sanders,K,8
357,J.Bailey,K,0
358,J.Bailey,K,0
359,J.Bailey,K,0
360,J.Bailey,K,0
361,J.Bailey,K,0
362,J.Bailey,K,0
363,J.Bailey,K,0
364,J.Bailey,K,0
365,J.Bailey,K,0
366,J.Bailey,K,0
367,J.Bailey,K,0
368,J.Bailey,K,0
369,J.Bailey,K,0
370,J.Bailey,K,0
371,J.Bailey,K,0
372,J.Bailey,K,0
373,J.Bailey,K,0
374,N.Folk,K,0
375,N.Folk,K,1
376,N.Folk,K,4
377,N.Folk,K,10
378,N.Folk,K,6
379,N.Folk,K,18
380,N.Folk,K,7
381,N.Folk,K,2
382,N.Folk,K,21
383,N.Folk,K,17
384,N.Folk,K,0
385,N.Folk,K,2
386,N.Folk,K,15
387,N.Folk,K,3
388,N.Folk,K,11
389,N.Folk,K,13
390,N.Folk,K,0
391,W.Lutz,K,0
392,W.Lutz,K,9
393,W.Lutz,K,4
394,W.Lutz,K,0
395,W.Lutz,K,7
396,W.Lutz,K,9
397,W.Lutz,K,14
398,W.Lutz,K,11
399,W.Lutz,K,5
400,W.Lutz,K,7
401,W.Lutz,K,5
402,W.Lutz,K,10
403,W.Lutz,K,-1
404,W.Lutz,K,10
405,W.Lutz,K,0
406,W.Lutz,K,3
407,W.Lutz,K,5
408,Y.Koo,K,0
409,Y.Koo,K,18
410,Y.Koo,K,4
411,Y.Koo,K,12
412,Y.Koo,K,12
413,Y.Koo,K,0
414,Y.Koo,K,4
415,Y.Koo,K,6
416,Y.Koo,K,14
417,Y.Koo,K,4
418,Y.Koo,K,3
419,Y.Koo,K,12
420,Y.Koo,K,8
421,Y.Koo,K,14
422,Y.Koo,K,0
423,Y.Koo,K,4
424,Y.Koo,K,9
425,B.Pinion,K,0
426,B.Pinion,K,0
427,B.Pinion,K,0
428,B.Pinion,K,0
429,B.Pinion,K,0
430,B.Pinion,K,0
431,B.Pinion,K,0
432,B.Pinion,K,0
433,B.Pinion,K,0
434,B.Pinion,K,0
435,B.Pinion,K,0
436,B.Pinion,K,0
437,B.Pinion,K,0
438,B.Pinion,K,0
439,B.Pinion,K,0
440,B.Pinion,K,0
441,B.Pinion,K,0
442,R.Bullock,K,0
443,R.Bullock,K,8
444,R.Bullock,K,1
445,R.Bullock,K,7
446,R.Bullock,K,7
447,R.Bullock,K,3
448,R.Bullock,K,0
449,R.Bullock,K,14
450,R.Bullock,K,4
451,R.Bullock,K,6
452,R.Bullock,K,5
453,R.Bullock,K,0
454,R.Bullock,K,0
455,R.Bullock,K,4
456,R.Bullock,K,2
457,R.Bullock,K,1
458,R.Bullock,K,2
459,G.Gano,K,0
460,G.Gano,K,1
461,G.Gano,K,17
462,G.Gano,K,14
463,G.Gano,K,9
464,G.Gano,K,10
465,G.Gano,K,6
466,G.Gano,K,11
467,G.Gano,K,8
468,G.Gano,K,0
469,G.Gano,K,7
470,G.Gano,K,0
471,G.Gano,K,11
472,G.Gano,K,8
473,G.Gano,K,2
474,G.Gano,K,12
475,G.Gano,K,14
476,J.Elliott,K,0
477,J.Elliott,K,8
478,J.Elliott,K,5
479,J.Elliott,K,6
480,J.Elliott,K,5
481,J.Elliott,K,0
482,J.Elliott,K,10
483,J.Elliott,K,0
484,J.Elliott,K,5
485,J.Elliott,K,2
486,J.Elliott,K,3
487,J.Elliott,K,5
488,J.Elliott,K,12
489,J.Elliott,K,5
490,J.Elliott,K,12
491,J.Elliott,K,4
492,J.Elliott,K,11
493,A.Seibert,K,0
494,A.Seibert,K,5
495,A.Seibert,K,11
496,A.Seibert,K,5
497,A.Seibert,K,0
498,A.Seibert,K,0
499,A.Seibert,K,0
500,A.Seibert,K,0
501,A.Seibert,K,0
502,A.Seibert,K,0
503,A.Seibert,K,0
504,A.Seibert,K,0
505,A.Seibert,K,0
506,A.Seibert,K,0
507,A.Seibert,K,0
508,A.Seibert,K,0
509,A.Seibert,K,0
510,E.McPherson,K,0
511,E.McPherson,K,7
512,E.McPherson,K,13
513,E.McPherson,K,9
514,E.McPherson,K,11
515,E.McPherson,K,6
516,E.McPherson,K,8
517,E.McPherson,K,5
518,E.McPherson,K,0
519,E.McPherson,K,5
520,E.McPherson,K,0
521,E.McPherson,K,17
522,E.McPherson,K,9
523,E.McPherson,K,10
524,E.McPherson,K,5
525,E.McPherson,K,9
526,E.McPherson,K,3
527,C.Boswell,K,0
528,C.Boswell,K,13
529,C.Boswell,K,8
530,C.Boswell,K,4
531,C.Boswell,K,12
532,C.Boswell,K,1
533,C.Boswell,K,10
534,C.Boswell,K,5
535,C.Boswell,K,0
536,C.Boswell,K,0
537,C.Boswell,K,0
538,C.Boswell,K,0
539,C.Boswell,K,0
540,C.Boswell,K,0
541,C.Boswell,K,1
542,C.Boswell,K,8
543,C.Boswell,K,7
544,R.Gould,K,0
545,R.Gould,K,4
546,R.Gould,K,8
547,R.Gould,K,6
548,R.Gould,K,5
549,R.Gould,K,6
550,R.Gould,K,2
551,R.Gould,K,14
552,R.Gould,K,7
553,R.Gould,K,0
554,R.Gould,K,10
555,R.Gould,K,8
556,R.Gould,K,8
557,R.Gould,K,18
558,R.Gould,K,5
559,R.Gould,K,2
560,R.Gould,K,13
561,C.Santos,K,0
562,C.Santos,K,1
563,C.Santos,K,5
564,C.Santos,K,14
565,C.Santos,K,0
566,C.Santos,K,15
567,C.Santos,K,1
568,C.Santos,K,18
569,C.Santos,K,5
570,C.Santos,K,6
571,C.Santos,K,6
572,C.Santos,K,6
573,C.Santos,K,4
574,C.Santos,K,7
575,C.Santos,K,0
576,C.Santos,K,2
577,C.Santos,K,7
578,J.Camarda,K,0
579,J.Camarda,K,0
580,J.Camarda,K,0
581,J.Camarda,K,0
582,J.Camarda,K,0
583,J.Camarda,K,0
584,J.Camarda,K,0
585,J.Camarda,K,0
586,J.Camarda,K,0
587,J.Camarda,K,0
588,J.Camarda,K,0
589,J.Camarda,K,0
590,J.Camarda,K,0
591,J.Camarda,K,0
592,J.Camarda,K,0
593,J.Camarda,K,0
594,J.Camarda,K,0
595,B.Maher,K,0
596,B.Maher,K,5
597,B.Maher,K,12
598,B.Maher,K,11
599,B.Maher,K,16
600,B.Maher,K,11
601,B.Maher,K,4
602,B.Maher,K,6
603,B.Maher,K,7
604,B.Maher,K,0
605,B.Maher,K,4
606,B.Maher,K,23
607,B.Maher,K,3
608,B.Maher,K,6
609,B.Maher,K,11
610,B.Maher,K,12
611,B.Maher,K,18
612,R.Succop,K,0
613,R.Succop,K,14
614,R.Succop,K,10
615,R.Succop,K,8
616,R.Succop,K,8
617,R.Succop,K,8
618,R.Succop,K,14
619,R.Succop,K,3
620,R.Succop,K,10
621,R.Succop,K,11
622,R.Succop,K,2
623,R.Succop,K,0
624,R.Succop,K,6
625,R.Succop,K,5
626,R.Succop,K,0
627,R.Succop,K,4
628,R.Succop,K,15
629,R.Dixon,K,0
630,R.Dixon,K,0
631,R.Dixon,K,0
632,R.Dixon,K,0
633,R.Dixon,K,0
634,R.Dixon,K,0
635,R.Dixon,K,0
636,R.Dixon,K,0
637,R.Dixon,K,0
638,R.Dixon,K,0
639,R.Dixon,K,0
640,R.Dixon,K,0
641,R.Dixon,K,0
642,R.Dixon,K,0
643,R.Dixon,K,0
644,R.Dixon,K,0
645,R.Dixon,K,0
646,C.McLaughlin,K,0
647,C.McLaughlin,K,0
648,C.McLaughlin,K,0
649,C.McLaughlin,K,11
650,C.McLaughlin,K,4
651,C.McLaughlin,K,17
652,C.McLaughlin,K,9
653,C.McLaughlin,K,6
654,C.McLaughlin,K,11
655,C.McLaughlin,K,3
656,C.McLaughlin,K,8
657,C.McLaughlin,K,11
658,C.McLaughlin,K,6
659,C.McLaughlin,K,9
660,C.McLaughlin,K,0
661,C.McLaughlin,K,21
662,C.McLaughlin,K,4
663,M.Ammendola,K,0
664,M.Ammendola,K,0
665,M.Ammendola,K,9
666,M.Ammendola,K,2
667,M.Ammendola,K,0
668,M.Ammendola,K,4
669,M.Ammendola,K,3
670,M.Ammendola,K,0
671,M.Ammendola,K,0
672,M.Ammendola,K,0
673,M.Ammendola,K,0
674,M.Ammendola,K,0
675,M.Ammendola,K,0
676,M.Ammendola,K,0
677,M.Ammendola,K,0
678,M.Ammendola,K,0
679,M.Ammendola,K,0
680,T.Way,K,0
681,T.Way,K,0
682,T.Way,K,0
683,T.Way,K,0
684,T.Way,K,0
685,T.Way,K,0
686,T.Way,K,0
687,T.Way,K,0
688,T.Way,K,0
689,T.Way,K,0
690,T.Way,K,0
691,T.Way,K,0
692,T.Way,K,0
693,T.Way,K,0
694,T.Way,K,0
695,T.Way,K,0
696,T.Way,K,0
697,T.Morstead,K,0
698,T.Morstead,K,0
699,T.Morstead,K,0
700,T.Morstead,K,0
701,T.Morstead,K,0
702,T.Morstead,K,0
703,T.Morstead,K,0
704,T.Morstead,K,0
705,T.Morstead,K,0
706,T.Morstead,K,0
707,T.Morstead,K,0
708,T.Morstead,K,0
709,T.Morstead,K,0
710,T.Morstead,K,0
711,T.Morstead,K,0
712,T.Morstead,K,0
713,T.Morstead,K,0
714,A.Siposs,K,0
715,A.Siposs,K,0
716,A.Siposs,K,0
717,A.Siposs,K,0
718,A.Siposs,K,0
719,A.Siposs,K,0
720,A.Siposs,K,0
721,A.Siposs,K,0
722,A.Siposs,K,0
723,A.Siposs,K,0
724,A.Siposs,K,0
725,A.Siposs,K,0
726,A.Siposs,K,0
727,A.Siposs,K,0
728,A.Siposs,K,0
729,A.Siposs,K,0
730,A.Siposs,K,0
731,M.Wishnowsky,K,0
732,M.Wishnowsky,K,0
733,M.Wishnowsky,K,0
734,M.Wishnowsky,K,0
735,M.Wishnowsky,K,0
736,M.Wishnowsky,K,1
737,M.Wishnowsky,K,0
738,M.Wishnowsky,K,0
739,M.Wishnowsky,K,0
740,M.Wishnowsky,K,0
741,M.Wishnowsky,K,0
742,M.Wishnowsky,K,0
743,M.Wishnowsky,K,0
744,M.Wishnowsky,K,0
745,M.Wishnowsky,K,0
746,M.Wishnowsky,K,0
747,M.Wishnowsky,K,0
748,E.Benjamin,K,0
749,E.Benjamin,K,0
750,E.Benjamin,K,0
751,E.Benjamin,K,0
752,E.Benjamin,K,0
753,E.Benjamin,K,0
754,E.Benjamin,K,0
755,E.Benjamin,K,0
756,E.Benjamin,K,0
757,E.Benjamin,K,0
758,E.Benjamin,K,0
759,E.Benjamin,K,0
760,E.Benjamin,K,0
761,E.Benjamin,K,0
762,E.Benjamin,K,0
763,E.Benjamin,K,0
764,E.Benjamin,K,0
765,T.Gill,K,0
766,T.Gill,K,0
767,T.Gill,K,0
768,T.Gill,K,0
769,T.Gill,K,0
770,T.Gill,K,0
771,T.Gill,K,0
772,T.Gill,K,0
773,T.Gill,K,0
774,T.Gill,K,0
775,T.Gill,K,0
776,T.Gill,K,0
777,T.Gill,K,0
778,T.Gill,K,0
779,T.Gill,K,0
780,T.Gill,K,0
781,T.Gill,K,0
782,M.Badgley,K,0
783,M.Badgley,K,0
784,M.Badgley,K,0
785,M.Badgley,K,0
786,M.Badgley,K,13
787,M.Badgley,K,0
788,M.Badgley,K,0
789,M.Badgley,K,9
790,M.Badgley,K,10
791,M.Badgley,K,1
792,M.Badgley,K,7
793,M.Badgley,K,7
794,M.Badgley,K,6
795,M.Badgley,K,19
796,M.Badgley,K,11
797,M.Badgley,K,7
798,M.Badgley,K,5
799,M.Wright,K,0
800,M.Wright,K,0
801,M.Wright,K,0
802,M.Wright,K,0
803,M.Wright,K,12
804,M.Wright,K,7
805,M.Wright,K,0
806,M.Wright,K,0
807,M.Wright,K,0
808,M.Wright,K,0
809,M.Wright,K,6
810,M.Wright,K,13
811,M.Wright,K,13
812,M.Wright,K,16
813,M.Wright,K,0
814,M.Wright,K,0
815,M.Wright,K,0
816,D.Eberle,K,0
817,D.Eberle,K,0
818,D.Eberle,K,0
819,D.Eberle,K,0
820,D.Eberle,K,6
821,D.Eberle,K,0
822,D.Eberle,K,0
823,D.Eberle,K,0
824,D.Eberle,K,0
825,D.Eberle,K,0
826,D.Eberle,K,0
827,D.Eberle,K,0
828,D.Eberle,K,0
829,D.Eberle,K,0
830,D.Eberle,K,0
831,D.Eberle,K,0
832,D.Eberle,K,0
833,J.Fox,K,0
834,J.Fox,K,0
835,J.Fox,K,0
836,J.Fox,K,0
837,J.Fox,K,0
838,J.Fox,K,0
839,J.Fox,K,0
840,J.Fox,K,0
841,J.Fox,K,0
842,J.Fox,K,0
843,J.Fox,K,0
844,J.Fox,K,0
845,J.Fox,K,0
846,J.Fox,K,0
847,J.Fox,K,0
848,J.Fox,K,0
849,J.Fox,K,0
850,T.Bertolet,K,0
851,T.Bertolet,K,0
852,T.Bertolet,K,0
853,T.Bertolet,K,0
854,T.Bertolet,K,0
855,T.Bertolet,K,12
856,T.Bertolet,K,0
857,T.Bertolet,K,3
858,T.Bertolet,K,0
859,T.Bertolet,K,0
860,T.Bertolet,K,0
861,T.Bertolet,K,0
862,T.Bertolet,K,0
863,T.Bertolet,K,0
864,T.Bertolet,K,0
865,T.Bertolet,K,0
866,T.Bertolet,K,0
867,J.Gillan,K,0
868,J.Gillan,K,0
869,J.Gillan,K,0
870,J.Gillan,K,0
871,J.Gillan,K,0
872,J.Gillan,K,0
873,J.Gillan,K,0
874,J.Gillan,K,0
875,J.Gillan,K,0
876,J.Gillan,K,0
877,J.Gillan,K,0
878,J.Gillan,K,0
879,J.Gillan,K,0
880,J.Gillan,K,0
881,J.Gillan,K,0
882,J.Gillan,K,0
883,J.Gillan,K,0
884,C.Dicker,K,0
885,C.Dicker,K,0
886,C.Dicker,K,0
887,C.Dicker,K,0
888,C.Dicker,K,0
889,C.Dicker,K,9
890,C.Dicker,K,0
891,C.Dicker,K,0
892,C.Dicker,K,0
893,C.Dicker,K,8
894,C.Dicker,K,12
895,C.Dicker,K,10
896,C.Dicker,K,5
897,C.Dicker,K,7
898,C.Dicker,K,11
899,C.Dicker,K,6
900,C.Dicker,K,8
901,J.Scott,K,0
902,J.Scott,K,0
903,J.Scott,K,0
904,J.Scott,K,0
905,J.Scott,K,0
906,J.Scott,K,0
907,J.Scott,K,0
908,J.Scott,K,0
909,J.Scott,K,0
910,J.Scott,K,0
911,J.Scott,K,0
912,J.Scott,K,0
913,J.Scott,K,0
914,J.Scott,K,0
915,J.Scott,K,0
916,J.Scott,K,0
917,J.Scott,K,0
918,M.Dickson,K,0
919,M.Dickson,K,0
920,M.Dickson,K,0
921,M.Dickson,K,0
922,M.Dickson,K,0
923,M.Dickson,K,0
924,M.Dickson,K,0
925,M.Dickson,K,0
926,M.Dickson,K,0
927,M.Dickson,K,0
928,M.Dickson,K,0
929,M.Dickson,K,0
930,M.Dickson,K,0
931,M.Dickson,K,0
932,M.Dickson,K,0
933,M.Dickson,K,0
934,M.Dickson,K,0
935,N.Sciba,K,0
936,N.Sciba,K,0
937,N.Sciba,K,0
938,N.Sciba,K,0
939,N.Sciba,K,0
940,N.Sciba,K,0
941,N.Sciba,K,0
942,N.Sciba,K,0
943,N.Sciba,K,7
944,N.Sciba,K,0
945,N.Sciba,K,0
946,N.Sciba,K,0
947,N.Sciba,K,0
948,N.Sciba,K,0
949,N.Sciba,K,0
950,N.Sciba,K,0
951,N.Sciba,K,0
952,T.Vizcaino,K,0
953,T.Vizcaino,K,0
954,T.Vizcaino,K,0
955,T.Vizcaino,K,0
956,T.Vizcaino,K,0
957,T.Vizcaino,K,0
958,T.Vizcaino,K,0
959,T.Vizcaino,K,0
960,T.Vizcaino,K,0
961,T.Vizcaino,K,0
962,T.Vizcaino,K,10
963,T.Vizcaino,K,0
964,T.Vizcaino,K,0
965,T.Vizcaino,K,0
966,T.Vizcaino,K,0
967,T.Vizcaino,K,0
968,T.Vizcaino,K,0
969,R.Ahmed,K,0
970,R.Ahmed,K,0
971,R.Ahmed,K,0
972,R.Ahmed,K,0
973,R.Ahmed,K,0
974,R.Ahmed,K,0
975,R.Ahmed,K,0
976,R.Ahmed,K,0
977,R.Ahmed,K,0
978,R.Ahmed,K,0
979,R.Ahmed,K,0
980,R.Ahmed,K,0
981,R.Ahmed,K,0
982,R.Ahmed,K,0
983,R.Ahmed,K,0
984,R.Ahmed,K,0
985,R.Ahmed,K,0
986,R.Stonehouse,K,0
987,R.Stonehouse,K,0
988,R.Stonehouse,K,0
989,R.Stonehouse,K,0
990,R.Stonehouse,K,0
991,R.Stonehouse,K,0
992,R.Stonehouse,K,0
993,R.Stonehouse,K,0
994,R.Stonehouse,K,0
995,R.Stonehouse,K,0
996,R.Stonehouse,K,0
997,R.Stonehouse,K,0
998,R.Stonehouse,K,0
999,R.Stonehouse,K,0
1000,R.Stonehouse,K,0
1001,R.Stonehouse,K,0
1002,R.Stonehouse,K,0
1003,J.Lambo,K,0
1004,J.Lambo,K,0
1005,J.Lambo,K,0
1006,J.Lambo,K,0
1007,J.Lambo,K,0
1008,J.Lambo,K,0
1009,J.Lambo,K,0
1010,J.Lambo,K,0
1011,J.Lambo,K,0
1012,J.Lambo,K,0
1013,J.Lambo,K,0
1014,J.Lambo,K,3
1015,J.Lambo,K,0
1016,J.Lambo,K,0
1017,J.Lambo,K,0
1018,J.Lambo,K,0
1019,J.Lambo,K,0
1020,C.Shudak,K,0
1021,C.Shudak,K,0
1022,C.Shudak,K,0
1023,C.Shudak,K,0
1024,C.Shudak,K,0
1025,C.Shudak,K,0
1026,C.Shudak,K,0
1027,C.Shudak,K,0
1028,C.Shudak,K,0
1029,C.Shudak,K,0
1030,C.Shudak,K,0
1031,C.Shudak,K,0
1032,C.Shudak,K,9
1033,C.Shudak,K,0
1034,C.Shudak,K,0
1035,C.Shudak,K,0
1036,C.Shudak,K,0
1037,C.Bojorquez,K,0
1038,C.Bojorquez,K,0
1039,C.Bojorquez,K,0
1040,C.Bojorquez,K,0
1041,C.Bojorquez,K,0
1042,C.Bojorquez,K,0
1043,C.Bojorquez,K,0
1044,C.Bojorquez,K,0
1045,C.Bojorquez,K,0
1046,C.Bojorquez,K,0
1047,C.Bojorquez,K,0
1048,C.Bojorquez,K,0
1049,C.Bojorquez,K,0
1050,C.Bojorquez,K,0
1051,C.Bojorquez,K,0
1052,C.Bojorquez,K,0
1053,C.Bojorquez,K,0
1054,L.Cooke,K,0
1055,L.Cooke,K,0
1056,L.Cooke,K,0
1057,L.Cooke,K,0
1058,L.Cooke,K,0
1059,L.Cooke,K,0
1060,L.Cooke,K,0
1061,L.Cooke,K,0
1062,L.Cooke,K,0
1063,L.Cooke,K,0
1064,L.Cooke,K,0
1065,L.Cooke,K,0
1066,L.Cooke,K,0
1067,L.Cooke,K,0
1068,L.Cooke,K,0
1069,L.Cooke,K,0
1070,L.Cooke,K,0
1071,S.Martin,K,0
1072,S.Martin,K,0
1073,S.Martin,K,0
1074,S.Martin,K,0
1075,S.Martin,K,0
1076,S.Martin,K,0
1077,S.Martin,K,0
1078,S.Martin,K,0
1079,S.Martin,K,0
1080,S.Martin,K,0
1081,S.Martin,K,0
1082,S.Martin,K,0
1083,S.Martin,K,0
1084,S.Martin,K,0
1085,S.Martin,K,0
1086,S.Martin,K,0
1087,S.Martin,K,0
1088,J.Hekker,K,0
1089,J.Hekker,K,0
1090,J.Hekker,K,0
1091,J.Hekker,K,0
1092,J.Hekker,K,0
1093,J.Hekker,K,0
1094,J.Hekker,K,0
1095,J.Hekker,K,0
1096,J.Hekker,K,0
1097,J.Hekker,K,0
1098,J.Hekker,K,0
1099,J.Hekker,K,0
1100,J.Hekker,K,0
1101,J.Hekker,K,0
1102,J.Hekker,K,0
1103,J.Hekker,K,0
1104,J.Hekker,K,0
